batch_id,subject_id,domain,attack,expected,current_verdict,evidence_status,execution_status,required_artifacts,promotion_rule
BATCH-01,IRS-001,Governance Authority,NOT_EXECUTED,SEE_MATRIX,UNPROVEN,MISSING,NOT_STARTED,evidence/IRS-001/raw-test.log;evidence/IRS-001/result.json;evidence/IRS-001/sha256sums.txt,Promote to PASS only after exact executable evidence and regression PASS.
BATCH-01,IRS-002,Governance Authority,NOT_EXECUTED,SEE_MATRIX,UNPROVEN,MISSING,NOT_STARTED,evidence/IRS-002/raw-test.log;evidence/IRS-002/result.json;evidence/IRS-002/sha256sums.txt,Promote to PASS only after exact executable evidence and regression PASS.
BATCH-01,IRS-003,Governance Authority,NOT_EXECUTED,SEE_MATRIX,UNPROVEN,MISSING,NOT_STARTED,evidence/IRS-003/raw-test.log;evidence/IRS-003/result.json;evidence/IRS-003/sha256sums.txt,Promote to PASS only after exact executable evidence and regression PASS.
BATCH-01,IRS-004,Governance Authority,NOT_EXECUTED,SEE_MATRIX,UNPROVEN,MISSING,NOT_STARTED,evidence/IRS-004/raw-test.log;evidence/IRS-004/result.json;evidence/IRS-004/sha256sums.txt,Promote to PASS only after exact executable evidence and regression PASS.
BATCH-01,IRS-005,Governance Authority,NOT_EXECUTED,SEE_MATRIX,UNPROVEN,MISSING,NOT_STARTED,evidence/IRS-005/raw-test.log;evidence/IRS-005/result.json;evidence/IRS-005/sha256sums.txt,Promote to PASS only after exact executable evidence and regression PASS.
BATCH-01,IRS-006,Governance Authority,NOT_EXECUTED,SEE_MATRIX,UNPROVEN,MISSING,NOT_STARTED,evidence/IRS-006/raw-test.log;evidence/IRS-006/result.json;evidence/IRS-006/sha256sums.txt,Promote to PASS only after exact executable evidence and regression PASS.
BATCH-01,IRS-007,Governance Authority,NOT_EXECUTED,SEE_MATRIX,UNPROVEN,MISSING,NOT_STARTED,evidence/IRS-007/raw-test.log;evidence/IRS-007/result.json;evidence/IRS-007/sha256sums.txt,Promote to PASS only after exact executable evidence and regression PASS.
BATCH-01,IRS-008,Governance Authority,NOT_EXECUTED,SEE_MATRIX,UNPROVEN,MISSING,NOT_STARTED,evidence/IRS-008/raw-test.log;evidence/IRS-008/result.json;evidence/IRS-008/sha256sums.txt,Promote to PASS only after exact executable evidence and regression PASS.
BATCH-01,IRS-009,Governance Authority,NOT_EXECUTED,SEE_MATRIX,UNPROVEN,MISSING,NOT_STARTED,evidence/IRS-009/raw-test.log;evidence/IRS-009/result.json;evidence/IRS-009/sha256sums.txt,Promote to PASS only after exact executable evidence and regression PASS.
BATCH-01,IRS-010,Governance Authority,NOT_EXECUTED,SEE_MATRIX,UNPROVEN,MISSING,NOT_STARTED,evidence/IRS-010/raw-test.log;evidence/IRS-010/result.json;evidence/IRS-010/sha256sums.txt,Promote to PASS only after exact executable evidence and regression PASS.
BATCH-02,IRS-011,Identity & Tenancy,NOT_EXECUTED,SEE_MATRIX,UNPROVEN,MISSING,NOT_STARTED,evidence/IRS-011/raw-test.log;evidence/IRS-011/result.json;evidence/IRS-011/sha256sums.txt,Promote to PASS only after exact executable evidence and regression PASS.
BATCH-02,IRS-012,Identity & Tenancy,NOT_EXECUTED,SEE_MATRIX,UNPROVEN,MISSING,NOT_STARTED,evidence/IRS-012/raw-test.log;evidence/IRS-012/result.json;evidence/IRS-012/sha256sums.txt,Promote to PASS only after exact executable evidence and regression PASS.
BATCH-02,IRS-013,Identity & Tenancy,NOT_EXECUTED,SEE_MATRIX,UNPROVEN,MISSING,NOT_STARTED,evidence/IRS-013/raw-test.log;evidence/IRS-013/result.json;evidence/IRS-013/sha256sums.txt,Promote to PASS only after exact executable evidence and regression PASS.
BATCH-02,IRS-014,Identity & Tenancy,NOT_EXECUTED,SEE_MATRIX,UNPROVEN,MISSING,NOT_STARTED,evidence/IRS-014/raw-test.log;evidence/IRS-014/result.json;evidence/IRS-014/sha256sums.txt,Promote to PASS only after exact executable evidence and regression PASS.
BATCH-02,IRS-015,Identity & Tenancy,NOT_EXECUTED,SEE_MATRIX,UNPROVEN,MISSING,NOT_STARTED,evidence/IRS-015/raw-test.log;evidence/IRS-015/result.json;evidence/IRS-015/sha256sums.txt,Promote to PASS only after exact executable evidence and regression PASS.
BATCH-02,IRS-016,Identity & Tenancy,NOT_EXECUTED,SEE_MATRIX,UNPROVEN,MISSING,NOT_STARTED,evidence/IRS-016/raw-test.log;evidence/IRS-016/result.json;evidence/IRS-016/sha256sums.txt,Promote to PASS only after exact executable evidence and regression PASS.
BATCH-02,IRS-017,Identity & Tenancy,NOT_EXECUTED,SEE_MATRIX,UNPROVEN,MISSING,NOT_STARTED,evidence/IRS-017/raw-test.log;evidence/IRS-017/result.json;evidence/IRS-017/sha256sums.txt,Promote to PASS only after exact executable evidence and regression PASS.
BATCH-02,IRS-018,Identity & Tenancy,NOT_EXECUTED,SEE_MATRIX,UNPROVEN,MISSING,NOT_STARTED,evidence/IRS-018/raw-test.log;evidence/IRS-018/result.json;evidence/IRS-018/sha256sums.txt,Promote to PASS only after exact executable evidence and regression PASS.
BATCH-02,IRS-019,Identity & Tenancy,NOT_EXECUTED,SEE_MATRIX,UNPROVEN,MISSING,NOT_STARTED,evidence/IRS-019/raw-test.log;evidence/IRS-019/result.json;evidence/IRS-019/sha256sums.txt,Promote to PASS only after exact executable evidence and regression PASS.
BATCH-02,IRS-020,Identity & Tenancy,NOT_EXECUTED,SEE_MATRIX,UNPROVEN,MISSING,NOT_STARTED,evidence/IRS-020/raw-test.log;evidence/IRS-020/result.json;evidence/IRS-020/sha256sums.txt,Promote to PASS only after exact executable evidence and regression PASS.
BATCH-03,IRS-021,Approval & SoD,NOT_EXECUTED,SEE_MATRIX,UNPROVEN,MISSING,NOT_STARTED,evidence/IRS-021/raw-test.log;evidence/IRS-021/result.json;evidence/IRS-021/sha256sums.txt,Promote to PASS only after exact executable evidence and regression PASS.
BATCH-03,IRS-022,Approval & SoD,NOT_EXECUTED,SEE_MATRIX,UNPROVEN,MISSING,NOT_STARTED,evidence/IRS-022/raw-test.log;evidence/IRS-022/result.json;evidence/IRS-022/sha256sums.txt,Promote to PASS only after exact executable evidence and regression PASS.
BATCH-03,IRS-023,Approval & SoD,NOT_EXECUTED,SEE_MATRIX,UNPROVEN,MISSING,NOT_STARTED,evidence/IRS-023/raw-test.log;evidence/IRS-023/result.json;evidence/IRS-023/sha256sums.txt,Promote to PASS only after exact executable evidence and regression PASS.
BATCH-03,IRS-024,Approval & SoD,NOT_EXECUTED,SEE_MATRIX,UNPROVEN,MISSING,NOT_STARTED,evidence/IRS-024/raw-test.log;evidence/IRS-024/result.json;evidence/IRS-024/sha256sums.txt,Promote to PASS only after exact executable evidence and regression PASS.
BATCH-03,IRS-025,Approval & SoD,NOT_EXECUTED,SEE_MATRIX,UNPROVEN,MISSING,NOT_STARTED,evidence/IRS-025/raw-test.log;evidence/IRS-025/result.json;evidence/IRS-025/sha256sums.txt,Promote to PASS only after exact executable evidence and regression PASS.
BATCH-03,IRS-026,Approval & SoD,NOT_EXECUTED,SEE_MATRIX,UNPROVEN,MISSING,NOT_STARTED,evidence/IRS-026/raw-test.log;evidence/IRS-026/result.json;evidence/IRS-026/sha256sums.txt,Promote to PASS only after exact executable evidence and regression PASS.
BATCH-03,IRS-027,Approval & SoD,NOT_EXECUTED,SEE_MATRIX,UNPROVEN,MISSING,NOT_STARTED,evidence/IRS-027/raw-test.log;evidence/IRS-027/result.json;evidence/IRS-027/sha256sums.txt,Promote to PASS only after exact executable evidence and regression PASS.
BATCH-03,IRS-028,Approval & SoD,NOT_EXECUTED,SEE_MATRIX,UNPROVEN,MISSING,NOT_STARTED,evidence/IRS-028/raw-test.log;evidence/IRS-028/result.json;evidence/IRS-028/sha256sums.txt,Promote to PASS only after exact executable evidence and regression PASS.
BATCH-03,IRS-029,Approval & SoD,NOT_EXECUTED,SEE_MATRIX,UNPROVEN,MISSING,NOT_STARTED,evidence/IRS-029/raw-test.log;evidence/IRS-029/result.json;evidence/IRS-029/sha256sums.txt,Promote to PASS only after exact executable evidence and regression PASS.
BATCH-03,IRS-030,Approval & SoD,NOT_EXECUTED,SEE_MATRIX,UNPROVEN,MISSING,NOT_STARTED,evidence/IRS-030/raw-test.log;evidence/IRS-030/result.json;evidence/IRS-030/sha256sums.txt,Promote to PASS only after exact executable evidence and regression PASS.
BATCH-04,IRS-032,"Grant, Capability & Execution",NOT_EXECUTED,SEE_MATRIX,UNPROVEN,MISSING,NOT_STARTED,evidence/IRS-032/raw-test.log;evidence/IRS-032/result.json;evidence/IRS-032/sha256sums.txt,Promote to PASS only after exact executable evidence and regression PASS.
BATCH-04,IRS-033,"Grant, Capability & Execution",NOT_EXECUTED,SEE_MATRIX,UNPROVEN,MISSING,NOT_STARTED,evidence/IRS-033/raw-test.log;evidence/IRS-033/result.json;evidence/IRS-033/sha256sums.txt,Promote to PASS only after exact executable evidence and regression PASS.
BATCH-04,IRS-034,"Grant, Capability & Execution",NOT_EXECUTED,SEE_MATRIX,UNPROVEN,MISSING,NOT_STARTED,evidence/IRS-034/raw-test.log;evidence/IRS-034/result.json;evidence/IRS-034/sha256sums.txt,Promote to PASS only after exact executable evidence and regression PASS.
BATCH-04,IRS-035,"Grant, Capability & Execution",NOT_EXECUTED,SEE_MATRIX,UNPROVEN,MISSING,NOT_STARTED,evidence/IRS-035/raw-test.log;evidence/IRS-035/result.json;evidence/IRS-035/sha256sums.txt,Promote to PASS only after exact executable evidence and regression PASS.
BATCH-04,IRS-036,"Grant, Capability & Execution",NOT_EXECUTED,SEE_MATRIX,UNPROVEN,MISSING,NOT_STARTED,evidence/IRS-036/raw-test.log;evidence/IRS-036/result.json;evidence/IRS-036/sha256sums.txt,Promote to PASS only after exact executable evidence and regression PASS.
BATCH-04,IRS-037,"Grant, Capability & Execution",NOT_EXECUTED,SEE_MATRIX,UNPROVEN,MISSING,NOT_STARTED,evidence/IRS-037/raw-test.log;evidence/IRS-037/result.json;evidence/IRS-037/sha256sums.txt,Promote to PASS only after exact executable evidence and regression PASS.
BATCH-04,IRS-039,"Grant, Capability & Execution",NOT_EXECUTED,SEE_MATRIX,UNPROVEN,MISSING,NOT_STARTED,evidence/IRS-039/raw-test.log;evidence/IRS-039/result.json;evidence/IRS-039/sha256sums.txt,Promote to PASS only after exact executable evidence and regression PASS.
BATCH-04,IRS-041,"Model, Content & Memory",NOT_EXECUTED,SEE_MATRIX,UNPROVEN,MISSING,NOT_STARTED,evidence/IRS-041/raw-test.log;evidence/IRS-041/result.json;evidence/IRS-041/sha256sums.txt,Promote to PASS only after exact executable evidence and regression PASS.
BATCH-04,IRS-042,"Model, Content & Memory",NOT_EXECUTED,SEE_MATRIX,UNPROVEN,MISSING,NOT_STARTED,evidence/IRS-042/raw-test.log;evidence/IRS-042/result.json;evidence/IRS-042/sha256sums.txt,Promote to PASS only after exact executable evidence and regression PASS.
BATCH-04,IRS-043,"Model, Content & Memory",NOT_EXECUTED,SEE_MATRIX,UNPROVEN,MISSING,NOT_STARTED,evidence/IRS-043/raw-test.log;evidence/IRS-043/result.json;evidence/IRS-043/sha256sums.txt,Promote to PASS only after exact executable evidence and regression PASS.
BATCH-05,IRS-044,"Model, Content & Memory",NOT_EXECUTED,SEE_MATRIX,UNPROVEN,MISSING,NOT_STARTED,evidence/IRS-044/raw-test.log;evidence/IRS-044/result.json;evidence/IRS-044/sha256sums.txt,Promote to PASS only after exact executable evidence and regression PASS.
BATCH-05,IRS-045,"Model, Content & Memory",NOT_EXECUTED,SEE_MATRIX,UNPROVEN,MISSING,NOT_STARTED,evidence/IRS-045/raw-test.log;evidence/IRS-045/result.json;evidence/IRS-045/sha256sums.txt,Promote to PASS only after exact executable evidence and regression PASS.
BATCH-05,IRS-046,"Model, Content & Memory",NOT_EXECUTED,SEE_MATRIX,UNPROVEN,MISSING,NOT_STARTED,evidence/IRS-046/raw-test.log;evidence/IRS-046/result.json;evidence/IRS-046/sha256sums.txt,Promote to PASS only after exact executable evidence and regression PASS.
BATCH-05,IRS-047,"Model, Content & Memory",NOT_EXECUTED,SEE_MATRIX,UNPROVEN,MISSING,NOT_STARTED,evidence/IRS-047/raw-test.log;evidence/IRS-047/result.json;evidence/IRS-047/sha256sums.txt,Promote to PASS only after exact executable evidence and regression PASS.
BATCH-05,IRS-048,"Model, Content & Memory",NOT_EXECUTED,SEE_MATRIX,UNPROVEN,MISSING,NOT_STARTED,evidence/IRS-048/raw-test.log;evidence/IRS-048/result.json;evidence/IRS-048/sha256sums.txt,Promote to PASS only after exact executable evidence and regression PASS.
BATCH-05,IRS-049,"Model, Content & Memory",NOT_EXECUTED,SEE_MATRIX,UNPROVEN,MISSING,NOT_STARTED,evidence/IRS-049/raw-test.log;evidence/IRS-049/result.json;evidence/IRS-049/sha256sums.txt,Promote to PASS only after exact executable evidence and regression PASS.
BATCH-05,IRS-050,"Model, Content & Memory",NOT_EXECUTED,SEE_MATRIX,UNPROVEN,MISSING,NOT_STARTED,evidence/IRS-050/raw-test.log;evidence/IRS-050/result.json;evidence/IRS-050/sha256sums.txt,Promote to PASS only after exact executable evidence and regression PASS.
BATCH-05,IRS-051,Multi-Agent & Tool Security,NOT_EXECUTED,SEE_MATRIX,UNPROVEN,MISSING,NOT_STARTED,evidence/IRS-051/raw-test.log;evidence/IRS-051/result.json;evidence/IRS-051/sha256sums.txt,Promote to PASS only after exact executable evidence and regression PASS.
BATCH-05,IRS-052,Multi-Agent & Tool Security,NOT_EXECUTED,SEE_MATRIX,UNPROVEN,MISSING,NOT_STARTED,evidence/IRS-052/raw-test.log;evidence/IRS-052/result.json;evidence/IRS-052/sha256sums.txt,Promote to PASS only after exact executable evidence and regression PASS.
BATCH-05,IRS-053,Multi-Agent & Tool Security,NOT_EXECUTED,SEE_MATRIX,UNPROVEN,MISSING,NOT_STARTED,evidence/IRS-053/raw-test.log;evidence/IRS-053/result.json;evidence/IRS-053/sha256sums.txt,Promote to PASS only after exact executable evidence and regression PASS.
BATCH-06,IRS-054,Multi-Agent & Tool Security,NOT_EXECUTED,SEE_MATRIX,UNPROVEN,MISSING,NOT_STARTED,evidence/IRS-054/raw-test.log;evidence/IRS-054/result.json;evidence/IRS-054/sha256sums.txt,Promote to PASS only after exact executable evidence and regression PASS.
BATCH-06,IRS-055,Multi-Agent & Tool Security,NOT_EXECUTED,SEE_MATRIX,UNPROVEN,MISSING,NOT_STARTED,evidence/IRS-055/raw-test.log;evidence/IRS-055/result.json;evidence/IRS-055/sha256sums.txt,Promote to PASS only after exact executable evidence and regression PASS.
BATCH-06,IRS-056,Multi-Agent & Tool Security,NOT_EXECUTED,SEE_MATRIX,UNPROVEN,MISSING,NOT_STARTED,evidence/IRS-056/raw-test.log;evidence/IRS-056/result.json;evidence/IRS-056/sha256sums.txt,Promote to PASS only after exact executable evidence and regression PASS.
BATCH-06,IRS-057,Multi-Agent & Tool Security,NOT_EXECUTED,SEE_MATRIX,UNPROVEN,MISSING,NOT_STARTED,evidence/IRS-057/raw-test.log;evidence/IRS-057/result.json;evidence/IRS-057/sha256sums.txt,Promote to PASS only after exact executable evidence and regression PASS.
BATCH-06,IRS-058,Multi-Agent & Tool Security,NOT_EXECUTED,SEE_MATRIX,UNPROVEN,MISSING,NOT_STARTED,evidence/IRS-058/raw-test.log;evidence/IRS-058/result.json;evidence/IRS-058/sha256sums.txt,Promote to PASS only after exact executable evidence and regression PASS.
BATCH-06,IRS-059,Multi-Agent & Tool Security,NOT_EXECUTED,SEE_MATRIX,UNPROVEN,MISSING,NOT_STARTED,evidence/IRS-059/raw-test.log;evidence/IRS-059/result.json;evidence/IRS-059/sha256sums.txt,Promote to PASS only after exact executable evidence and regression PASS.
BATCH-06,IRS-060,Multi-Agent & Tool Security,NOT_EXECUTED,SEE_MATRIX,UNPROVEN,MISSING,NOT_STARTED,evidence/IRS-060/raw-test.log;evidence/IRS-060/result.json;evidence/IRS-060/sha256sums.txt,Promote to PASS only after exact executable evidence and regression PASS.
BATCH-06,IRS-065,"Network, Egress & Secrets",NOT_EXECUTED,SEE_MATRIX,UNPROVEN,MISSING,NOT_STARTED,evidence/IRS-065/raw-test.log;evidence/IRS-065/result.json;evidence/IRS-065/sha256sums.txt,Promote to PASS only after exact executable evidence and regression PASS.
BATCH-06,IRS-066,"Network, Egress & Secrets",NOT_EXECUTED,SEE_MATRIX,UNPROVEN,MISSING,NOT_STARTED,evidence/IRS-066/raw-test.log;evidence/IRS-066/result.json;evidence/IRS-066/sha256sums.txt,Promote to PASS only after exact executable evidence and regression PASS.
BATCH-06,IRS-067,"Network, Egress & Secrets",NOT_EXECUTED,SEE_MATRIX,UNPROVEN,MISSING,NOT_STARTED,evidence/IRS-067/raw-test.log;evidence/IRS-067/result.json;evidence/IRS-067/sha256sums.txt,Promote to PASS only after exact executable evidence and regression PASS.
BATCH-07,IRS-068,"Network, Egress & Secrets",NOT_EXECUTED,SEE_MATRIX,UNPROVEN,MISSING,NOT_STARTED,evidence/IRS-068/raw-test.log;evidence/IRS-068/result.json;evidence/IRS-068/sha256sums.txt,Promote to PASS only after exact executable evidence and regression PASS.
BATCH-07,IRS-069,"Network, Egress & Secrets",NOT_EXECUTED,SEE_MATRIX,UNPROVEN,MISSING,NOT_STARTED,evidence/IRS-069/raw-test.log;evidence/IRS-069/result.json;evidence/IRS-069/sha256sums.txt,Promote to PASS only after exact executable evidence and regression PASS.
BATCH-07,IRS-070,"Network, Egress & Secrets",NOT_EXECUTED,SEE_MATRIX,UNPROVEN,MISSING,NOT_STARTED,evidence/IRS-070/raw-test.log;evidence/IRS-070/result.json;evidence/IRS-070/sha256sums.txt,Promote to PASS only after exact executable evidence and regression PASS.
BATCH-07,IRS-071,"Data, Filesystem, Database & Audit",NOT_EXECUTED,SEE_MATRIX,UNPROVEN,MISSING,NOT_STARTED,evidence/IRS-071/raw-test.log;evidence/IRS-071/result.json;evidence/IRS-071/sha256sums.txt,Promote to PASS only after exact executable evidence and regression PASS.
BATCH-07,IRS-072,"Data, Filesystem, Database & Audit",NOT_EXECUTED,SEE_MATRIX,UNPROVEN,MISSING,NOT_STARTED,evidence/IRS-072/raw-test.log;evidence/IRS-072/result.json;evidence/IRS-072/sha256sums.txt,Promote to PASS only after exact executable evidence and regression PASS.
BATCH-07,IRS-073,"Data, Filesystem, Database & Audit",NOT_EXECUTED,SEE_MATRIX,UNPROVEN,MISSING,NOT_STARTED,evidence/IRS-073/raw-test.log;evidence/IRS-073/result.json;evidence/IRS-073/sha256sums.txt,Promote to PASS only after exact executable evidence and regression PASS.
BATCH-07,IRS-074,"Data, Filesystem, Database & Audit",NOT_EXECUTED,SEE_MATRIX,UNPROVEN,MISSING,NOT_STARTED,evidence/IRS-074/raw-test.log;evidence/IRS-074/result.json;evidence/IRS-074/sha256sums.txt,Promote to PASS only after exact executable evidence and regression PASS.
BATCH-07,IRS-075,"Data, Filesystem, Database & Audit",NOT_EXECUTED,SEE_MATRIX,UNPROVEN,MISSING,NOT_STARTED,evidence/IRS-075/raw-test.log;evidence/IRS-075/result.json;evidence/IRS-075/sha256sums.txt,Promote to PASS only after exact executable evidence and regression PASS.
BATCH-07,IRS-076,"Data, Filesystem, Database & Audit",NOT_EXECUTED,SEE_MATRIX,UNPROVEN,MISSING,NOT_STARTED,evidence/IRS-076/raw-test.log;evidence/IRS-076/result.json;evidence/IRS-076/sha256sums.txt,Promote to PASS only after exact executable evidence and regression PASS.
BATCH-07,IRS-077,"Data, Filesystem, Database & Audit",NOT_EXECUTED,SEE_MATRIX,UNPROVEN,MISSING,NOT_STARTED,evidence/IRS-077/raw-test.log;evidence/IRS-077/result.json;evidence/IRS-077/sha256sums.txt,Promote to PASS only after exact executable evidence and regression PASS.
BATCH-08,IRS-078,"Data, Filesystem, Database & Audit",NOT_EXECUTED,SEE_MATRIX,UNPROVEN,MISSING,NOT_STARTED,evidence/IRS-078/raw-test.log;evidence/IRS-078/result.json;evidence/IRS-078/sha256sums.txt,Promote to PASS only after exact executable evidence and regression PASS.
BATCH-08,IRS-079,"Data, Filesystem, Database & Audit",NOT_EXECUTED,SEE_MATRIX,UNPROVEN,MISSING,NOT_STARTED,evidence/IRS-079/raw-test.log;evidence/IRS-079/result.json;evidence/IRS-079/sha256sums.txt,Promote to PASS only after exact executable evidence and regression PASS.
BATCH-08,IRS-080,"Data, Filesystem, Database & Audit",NOT_EXECUTED,SEE_MATRIX,UNPROVEN,MISSING,NOT_STARTED,evidence/IRS-080/raw-test.log;evidence/IRS-080/result.json;evidence/IRS-080/sha256sums.txt,Promote to PASS only after exact executable evidence and regression PASS.
BATCH-08,IRS-081,Resilience & Operations,NOT_EXECUTED,SEE_MATRIX,UNPROVEN,MISSING,NOT_STARTED,evidence/IRS-081/raw-test.log;evidence/IRS-081/result.json;evidence/IRS-081/sha256sums.txt,Promote to PASS only after exact executable evidence and regression PASS.
BATCH-08,IRS-082,Resilience & Operations,NOT_EXECUTED,SEE_MATRIX,UNPROVEN,MISSING,NOT_STARTED,evidence/IRS-082/raw-test.log;evidence/IRS-082/result.json;evidence/IRS-082/sha256sums.txt,Promote to PASS only after exact executable evidence and regression PASS.
BATCH-08,IRS-083,Resilience & Operations,NOT_EXECUTED,SEE_MATRIX,UNPROVEN,MISSING,NOT_STARTED,evidence/IRS-083/raw-test.log;evidence/IRS-083/result.json;evidence/IRS-083/sha256sums.txt,Promote to PASS only after exact executable evidence and regression PASS.
BATCH-08,IRS-084,Resilience & Operations,NOT_EXECUTED,SEE_MATRIX,UNPROVEN,MISSING,NOT_STARTED,evidence/IRS-084/raw-test.log;evidence/IRS-084/result.json;evidence/IRS-084/sha256sums.txt,Promote to PASS only after exact executable evidence and regression PASS.
BATCH-08,IRS-085,Resilience & Operations,NOT_EXECUTED,SEE_MATRIX,UNPROVEN,MISSING,NOT_STARTED,evidence/IRS-085/raw-test.log;evidence/IRS-085/result.json;evidence/IRS-085/sha256sums.txt,Promote to PASS only after exact executable evidence and regression PASS.
BATCH-08,IRS-086,Resilience & Operations,NOT_EXECUTED,SEE_MATRIX,UNPROVEN,MISSING,NOT_STARTED,evidence/IRS-086/raw-test.log;evidence/IRS-086/result.json;evidence/IRS-086/sha256sums.txt,Promote to PASS only after exact executable evidence and regression PASS.
BATCH-08,IRS-087,Resilience & Operations,NOT_EXECUTED,SEE_MATRIX,UNPROVEN,MISSING,NOT_STARTED,evidence/IRS-087/raw-test.log;evidence/IRS-087/result.json;evidence/IRS-087/sha256sums.txt,Promote to PASS only after exact executable evidence and regression PASS.
BATCH-09,IRS-088,Resilience & Operations,NOT_EXECUTED,SEE_MATRIX,UNPROVEN,MISSING,NOT_STARTED,evidence/IRS-088/raw-test.log;evidence/IRS-088/result.json;evidence/IRS-088/sha256sums.txt,Promote to PASS only after exact executable evidence and regression PASS.
BATCH-09,IRS-089,Resilience & Operations,NOT_EXECUTED,SEE_MATRIX,UNPROVEN,MISSING,NOT_STARTED,evidence/IRS-089/raw-test.log;evidence/IRS-089/result.json;evidence/IRS-089/sha256sums.txt,Promote to PASS only after exact executable evidence and regression PASS.
BATCH-09,IRS-090,Resilience & Operations,NOT_EXECUTED,SEE_MATRIX,UNPROVEN,MISSING,NOT_STARTED,evidence/IRS-090/raw-test.log;evidence/IRS-090/result.json;evidence/IRS-090/sha256sums.txt,Promote to PASS only after exact executable evidence and regression PASS.
BATCH-09,IRS-091,"Supply Chain, Release, Privacy & Assurance",NOT_EXECUTED,SEE_MATRIX,UNPROVEN,MISSING,NOT_STARTED,evidence/IRS-091/raw-test.log;evidence/IRS-091/result.json;evidence/IRS-091/sha256sums.txt,Promote to PASS only after exact executable evidence and regression PASS.
BATCH-09,IRS-092,"Supply Chain, Release, Privacy & Assurance",NOT_EXECUTED,SEE_MATRIX,UNPROVEN,MISSING,NOT_STARTED,evidence/IRS-092/raw-test.log;evidence/IRS-092/result.json;evidence/IRS-092/sha256sums.txt,Promote to PASS only after exact executable evidence and regression PASS.
BATCH-09,IRS-093,"Supply Chain, Release, Privacy & Assurance",NOT_EXECUTED,SEE_MATRIX,UNPROVEN,MISSING,NOT_STARTED,evidence/IRS-093/raw-test.log;evidence/IRS-093/result.json;evidence/IRS-093/sha256sums.txt,Promote to PASS only after exact executable evidence and regression PASS.
BATCH-09,IRS-094,"Supply Chain, Release, Privacy & Assurance",NOT_EXECUTED,SEE_MATRIX,UNPROVEN,MISSING,NOT_STARTED,evidence/IRS-094/raw-test.log;evidence/IRS-094/result.json;evidence/IRS-094/sha256sums.txt,Promote to PASS only after exact executable evidence and regression PASS.
BATCH-09,IRS-095,"Supply Chain, Release, Privacy & Assurance",NOT_EXECUTED,SEE_MATRIX,UNPROVEN,MISSING,NOT_STARTED,evidence/IRS-095/raw-test.log;evidence/IRS-095/result.json;evidence/IRS-095/sha256sums.txt,Promote to PASS only after exact executable evidence and regression PASS.
BATCH-09,IRS-096,"Supply Chain, Release, Privacy & Assurance",NOT_EXECUTED,SEE_MATRIX,UNPROVEN,MISSING,NOT_STARTED,evidence/IRS-096/raw-test.log;evidence/IRS-096/result.json;evidence/IRS-096/sha256sums.txt,Promote to PASS only after exact executable evidence and regression PASS.
BATCH-09,IRS-097,"Supply Chain, Release, Privacy & Assurance",NOT_EXECUTED,SEE_MATRIX,UNPROVEN,MISSING,NOT_STARTED,evidence/IRS-097/raw-test.log;evidence/IRS-097/result.json;evidence/IRS-097/sha256sums.txt,Promote to PASS only after exact executable evidence and regression PASS.
BATCH-10,IRS-098,"Supply Chain, Release, Privacy & Assurance",NOT_EXECUTED,SEE_MATRIX,UNPROVEN,MISSING,NOT_STARTED,evidence/IRS-098/raw-test.log;evidence/IRS-098/result.json;evidence/IRS-098/sha256sums.txt,Promote to PASS only after exact executable evidence and regression PASS.
BATCH-10,IRS-099,"Supply Chain, Release, Privacy & Assurance",NOT_EXECUTED,SEE_MATRIX,UNPROVEN,MISSING,NOT_STARTED,evidence/IRS-099/raw-test.log;evidence/IRS-099/result.json;evidence/IRS-099/sha256sums.txt,Promote to PASS only after exact executable evidence and regression PASS.
BATCH-10,IRS-100,"Supply Chain, Release, Privacy & Assurance",NOT_EXECUTED,SEE_MATRIX,UNPROVEN,MISSING,NOT_STARTED,evidence/IRS-100/raw-test.log;evidence/IRS-100/result.json;evidence/IRS-100/sha256sums.txt,Promote to PASS only after exact executable evidence and regression PASS.
